{
    "tarefasUser": {
        "userId": "550e8400-e29b-41d4-a716-446655440012",
        "tarefas": [
            {
                "tarefaId": "550e8400-e29b-41d4-a716-446655440002",
                "titulo": "Comprar mantimentos",
                "descricao": "Ir ao supermercado e comprar itens essenciais",
                "dataVencimento": "2023-11-30",
                "estado": "Agendado",
                "prioridade": 20
            },
            {
                "tarefaId": "550e8400-e29b-41d4-a716-446655440003",
                "titulo": "Limpar a casa",
                "descricao": "Limpar o quarto, a sala e a cozinha",
                "dataVencimento": "2023-11-20",
                "estado": "Agendado",
                "prioridade": 10
            }
        ]
    }
}