{
    "$schema": "http://json-schema.org/draft-07/schema#",
    "type": "object",
    "properties": {
        "tarefa": {
            "type": "object",
            "properties": {
                "tarefaId": {
                    "type": "string",
                    "format": "uuid"
                },
                "userId": {
                    "type": "string",
                    "format": "uuid",
                    "description": "O ID do usuário associado à tarefa."
                },
                "título": {
                    "type": "string",
                    "minLength": 1,
                    "description": "O título da tarefa."
                },
                "descrição": {
                    "type": "string",
                    "description": "A descrição da tarefa."
                },
                "dataVencimento": {
                    "type": "string",
                    "format": "date",
                    "description": "A data de vencimento da tarefa (ISO 8601)."
                },
                "prioridade": {
                    "type": "integer",
                    "minimum": 0,
                    "maximum": 20,
                    "description": "A prioridade da tarefa (de 0 a 20)."
                },
                "estado": {
                    "type": "string",
                    "enum": [
                        "concluido",
                        "Hoje",
                        "Agendado"
                    ],
                    "description": "O estado da tarefa (concluido, em progresso ou futuro)."
                }
            },
            "required": [
                "userId",
                "título",
                "dataVencimento",
                "prioridade",
                "estado",
                "descrição"
            ]
        }
    }
}
