{
  "$schema": "http://json-schema.org/draft-07/schema#",
  "type": "object",
  "properties": {
    "tarefasUser": {
      "type": "object",
      "properties": {
        "userId": {
          "type": "string"
        },
        "nome": {
          "type": "string"
        },
        "tarefas": {
          "type": "array",
          "items": {
            "type": "object",
            "properties": {
              "tarefaId": {
                "type": "string"
              },
              "titulo": {
                "type": "string"
              },
              "descricao": {
                "type": "string"
              },
              "dataVencimento": {
                "type": "string",
                "format": "date"
              },
              "estado": {
                "type": "string",
                "enum": [
                  "concluido",
                  "Hoje",
                  "Agendado"
                ]
              },
              "prioridade": {
                "type": "integer",
                "minimum": 0,
                "maximum": 20
              }
            },
            "required": [
              "tarefaId",
              "titulo",
              "descricao",
              "dataVencimento",
              "estado",
              "prioridade"
            ]
          }
        }
      },
      "required": [
        "userId",
        "nome",
        "tarefas"
      ]
    }
  },
  "required": [
    "tarefasUser"
  ]
}